{"Optimizer": "zoo", "Accuracy": 1.0, "Mean time": 739.920495204024945, "Mean epsilon": 3.3652915239334105, "Losses": [4.130587100982666, 4.365440368652344, 2.529176950454712, 1.6391687393188477, 4.161038398742676, 3.836184847263548, 2.184028195073524, 1.840264537395881, 4.559272813739382, 4.295573855732613], "Params": {"learning_rate": 0.03, "c": 0.3, "n_gradient": 256, "max_steps": 300, "batch_size": 16, "solver": "adam"}}
