{"Optimizer": "zoo", "Accuracy": 1.0, "Mean time": [728.5732803344727, 753.3020646572113, 705.7301998138428, 770.925451040268, 756.7693617343903, 731.4472757328033, 715.5723064611320, 744.9281730138428, 761.945472060362, 730.3672817390334], "Mean epsilon": 3.3652915239334105, "Losses": [4.130587100982666, 4.365440368652344, 2.529176950454712, 1.6391687393188477, 4.161038398742676, 3.836184847263548, 2.184028195073524, 1.840264537395881, 4.559272813739382, 4.295573855732613], "Params": {"learning_rate": 0.03, "c": 0.3, "n_gradient": 256, "max_steps": 300, "batch_size": 16, "solver": "adam"}}
