{"Optimizer": "inexact", "Accuracy": 1.0, "Mean time": [52.023457050323486, 51.91351842880249, 103.94294095039368, 51.83787679672241, 51.83552837371826, 103.80576825141907, 52.006367206573486, 103.79535174369812, 103.93831157684326, 259.3080081939697], "Mean epsilon": 0.02549758367240429, "Losses": [0.0, 0.0, 0.0, 0.0, 0.0, 0.0, 0.0, 0.0, 0.0, 0.0], "Params": {"v": 0.001, "mu_k": [0.0002, 0.0002, 0.0002, 0.0002, 0.0002], "gamma_k": [3, 3, 3, 3, 3], "L_type": -1, "epsilon": 0.03, "n_gradient": [5000, 5000, 5000, 5000, 5000], "batch_size": 50, "max_steps": 5}}