{"Optimizer": "fw", "Accuracy": 0.1, "Mean time": [270.4819166660309, 0.0, 0.0, 0.0, 0.0, 0.0, 0.0, 0.0, 0.0, 0.0], "Mean epsilon": 15.526726913452148, "Losses": [0.0, 0.0, 8.966598510742188, 0.0, 2.4603941440582275, 10.011372566223145, 5.567436695098877, 7.577319622039795, 8.580690383911133, 8.023141860961914], "Params": {"m_weight": 0.2, "step_size": 1, "num_epochs": 2, "l_bound": 0.03, "l_type": "inf", "grad_smooth": 0.001, "grad_num_iter": 250, "grad_batch_size": 25, "grad_how": "gauss"}}