{"Optimizer": "classic", "Accuracy": 0.6, "Mean time": [51.656914472579956, 103.22779607772827, 0.0, 102.91527986526489, 103.13823747634888, 0.0, 206.0627052783966, 0.0, 257.70961928367615, 0.0], "Mean epsilon": 0.007158566080033779, "Losses": [0.0, 0.0, 0.0, 0.0, 0.0, 0.0, 0.0, 0.05917048454284668, 0.0, 2.2650599479675293], "Params": {"v": 0.001, "ak": [0.2, 0.2, 0.2, 0.2, 0.2, 0.2, 0.2, 0.2], "L_type": -1, "epsilon": 0.03, "n_gradient": [5000, 5000, 5000, 5000, 5000, 5000, 5000, 5000], "batch_size": 50, "max_steps": 8}}