{"Optimizer": "classic", "Accuracy": 0.4, "Mean time": [95.99249839782715, 483.98546862602234, 0.0, 386.56941747665405, 289.417293548584, 0.0, 0.0, 0.0, 0.0, 0.0], "Mean epsilon": 1.2453998625278473, "Losses": [0.0, 0.0, 6.918883323669434, 0.0, 0.0, 8.061066627502441, 4.378773212432861, 7.905270576477051, 6.400480270385742, 9.124277114868164], "Params": {"v": 0.001, "ak": [0.2, 0.2, 0.2, 0.2, 0.2, 0.2, 0.2], "L_type": 2, "epsilon": 4, "n_gradient": [10000, 10000, 10000, 10000, 10000, 10000, 10000], "batch_size": 50, "max_steps": 7}}