{"Optimizer": "inexact", "Accuracy": 0.9, "Mean time": [193.27911400794983, 192.39992547035217, 577.5578241348267, 193.87899160385132, 194.76398038864136, 579.9769718647003, 581.9604623317719, 578.8165290355682, 577.3329532146454, 0.0], "Mean epsilon": 3.998794412612915, "Losses": [0.0, 0.0, 0.0, 0.0, 0.0, 0.0, 0.0, 0.0, 0.0, 5.747041702270508], "Params": {"v": 0.001, "mu_k": [0.0002, 0.0002, 0.0002, 0.0002], "gamma_k": [3, 3, 3, 3], "L_type": 2, "epsilon": 4, "n_gradient": [20000, 20000, 20000, 20000], "batch_size": 50, "max_steps": 4}}