,Optim,Data,Norm,Epsilon,Target,SuccesRate,MeanTime,MeanEpsilon,NGradient,BatchSize,Gamma,Mu,GaussianSmoothing,Nexample,Epochs
1,inexact,cifar10,-1,0.01,1,0.12222222222222222,5.982253719700707,0.010000068694353104,500,-1,2.0,0.0025,1,20,100
6,inexact,cifar10,-1,0.01,1,0.20555555555555555,9.913362732198504,0.010000071488320827,1000,-1,2.0,0.0025,1,20,100
7,inexact,cifar10,-1,0.01,1,0.2777777777777778,17.705090775754716,0.01000007800757885,2000,-1,2.0,0.0025,1,20,100
8,inexact,cifar10,-1,0.01,1,0.32222222222222224,32.48182768026988,0.010000078938901424,4000,-1,2.0,0.0025,1,20,100
9,inexact,cifar10,-1,0.01,1,0.4,50.02145532899433,0.010000081732869148,8000,4000,2.0,0.0025,1,20,100
