,Optim,Data,Norm,Epsilon,Target,SuccesRate,MeanTime,MeanEpsilon,NGradient,BatchSize,Gamma,Mu,GaussianSmoothing,Nexample,Epochs
0,inexact,mnist,2,4.0,1,0.9277777777777778,0.20814073350694445,3.723695993423462,500,-1,2,0.0025,0.001,20,100
1,inexact,mnist,2,4.0,1,0.9666666666666667,0.17118394772211712,3.6891582012176514,1000,-1,2,0.0025,0.001,20,100
2,inexact,mnist,2,4.0,1,0.9666666666666667,0.2307842148674859,3.6186089515686035,2000,-1,2,0.0025,0.001,20,100
3,inexact,mnist,2,4.0,1,0.9666666666666667,0.3570178323321872,3.52264404296875,4000,-1,2,0.0025,0.001,20,100
4,inexact,mnist,2,4.0,1,0.9666666666666667,0.5630569537480672,3.4466960430145264,8000,4000,2,0.0025,0.001,20,100
5,inexact,mnist,2,4.0,1,0.9666666666666667,0.9717856433656481,3.392551898956299,16000,4000,2,0.0025,0.001,20,100
