,Optim,Data,Norm,Epsilon,Target,SuccesRate,MeanTime,MeanEpsilon,NGradient,BatchSize,Gamma,Mu,GaussianSmoothing,Nexample,Epochs
0,inexact,mnist,-1,0.2,0,0.89,0.24518604040145875,0.19000014662742615,500,-1,2,0.0025,0.001,100,100
1,inexact,mnist,-1,0.2,0,0.97,0.153588490486145,0.19000014662742615,1000,-1,2,0.0025,0.001,100,100
2,inexact,mnist,-1,0.2,0,0.96,0.21867838859558106,0.19000014662742615,2000,-1,2,0.0025,0.001,100,100
3,inexact,mnist,-1,0.2,0,0.97,0.30942798376083375,0.19000014662742615,4000,-1,2,0.0025,0.001,100,100
4,inexact,mnist,-1,0.2,0,0.97,0.47219496965408325,0.19000014662742615,8000,4000,2,0.0025,0.001,100,100
5,inexact,mnist,-1,0.2,0,0.97,0.8038322067260742,0.19000014662742615,16000,4000,2,0.0025,0.001,100,100
