,Optim,Data,Norm,Epsilon,Target,SuccesRate,MeanTime,MeanEpsilon,NGradient,BatchSize,Alpha,GaussianSmoothing,Nexample,Epochs
0,classic,cifar10,2,1.0,1,0.6444444444444445,8.43460391494963,,500,-1,0.2,0.001,20,100
1,classic,cifar10,2,1.0,1,0.7777777777777778,10.632575651009878,,1000,-1,0.2,0.001,20,100
2,classic,cifar10,2,1.0,1,0.9277777777777778,13.136910223960877,,2000,-1,0.2,0.001,20,100
