,Optim,Data,Norm,Epsilon,Target,SuccesRate,MeanTime,MeanEpsilon,NGradient,BatchSize,Alpha,GaussianSmoothing,Nexample,Epochs
0,classic,cifar10,2,1.0,1,0.6444444444444445,8.528332316875458,0.3778117299079895,500,-1,0.2,0.001,20,100
1,classic,cifar10,2,1.0,1,0.7722222222222223,5.0378890554110205,0.3854399621486664,1000,-1,0.2,0.001,20,100
2,classic,cifar10,2,1.0,1,0.9277777777777778,13.59249601231681,0.3934314250946045,2000,-1,0.2,0.001,20,100
3,classic,cifar10,2,1.0,1,0.9611111111111111,8.253979757097031,0.3932103216648102,4000,-1,0.2,0.001,20,100
4,classic,cifar10,2,1.0,1,0.9833333333333333,28.369830911689334,0.3941780626773834,8000,4000,0.2,0.001,20,100
5,classic,cifar10,2,1.0,1,0.9888888888888889,19.546322629186843,0.39051809906959534,16000,4000,0.2,0.001,20,100
